{
  "run_id": "run_20251027_221712_56a1e16a",
  "total_pages": 1,
  "total_words": 416,
  "total_tables": 4,
  "total_equations": 0,
  "flagged_pages": 0,
  "average_page_confidence_mean": 0.9742203392088413,
  "average_page_confidence_min": 0.7693497538566589,
  "processing_time_seconds": 121.53529810905457,
  "confidence_histogram": {
    "0.9-1.0": 31,
    "0.8-0.9": 0,
    "0.0-0.8": 1
  },
  "timing_breakdown": {
    "initialization": 0.48227715492248535,
    "ocr_processing": 119.61116909980774
  },
  "input_path": "dataset/physics_level3.png",
  "output_path": "dataset/output/run_20251027_221712_56a1e16a",
  "language": "en"
}