{
  "run_id": "run_20251027_191013_a9ffea2f",
  "total_pages": 1,
  "total_words": 305,
  "total_tables": 0,
  "total_equations": 0,
  "flagged_pages": 0,
  "average_page_confidence_mean": 0.9936690120136037,
  "average_page_confidence_min": 0.9837262630462646,
  "processing_time_seconds": 9.296072959899902,
  "confidence_histogram": {
    "0.9-1.0": 17,
    "0.8-0.9": 0,
    "0.0-0.8": 0
  },
  "timing_breakdown": {
    "initialization": 0.5186781883239746,
    "ocr_processing": 8.744055032730103
  },
  "input_path": "dataset/bio_test.png",
  "output_path": "dataset/output/run_20251027_191013_a9ffea2f",
  "language": "en"
}