{
  "run_id": "run_20251016_141731_dcbf81da",
  "total_pages": 1,
  "total_words": 192,
  "total_tables": 1,
  "total_equations": 8,
  "flagged_pages": 0,
  "average_page_confidence_mean": 0.9934319673162518,
  "average_page_confidence_min": 0.9500648379325867,
  "processing_time_seconds": 11.541197061538696,
  "confidence_histogram": {
    "0.9-1.0": 20,
    "0.8-0.9": 0,
    "0.0-0.8": 0
  },
  "timing_breakdown": {
    "initialization": 0.6169121265411377,
    "ocr_processing": 10.924284934997559
  },
  "input_path": "dataset/table_eg.png",
  "output_path": "dataset/output/run_20251016_141731_dcbf81da",
  "language": "en"
}