{
  "run_id": "run_20251016_151952_be4940c0",
  "total_pages": 1,
  "total_words": 294,
  "total_tables": 0,
  "total_equations": 3,
  "flagged_pages": 0,
  "average_page_confidence_mean": 0.9601328199559992,
  "average_page_confidence_min": 0.921049952507019,
  "processing_time_seconds": 20.291522979736328,
  "confidence_histogram": {
    "0.9-1.0": 10,
    "0.8-0.9": 2,
    "0.0-0.8": 0
  },
  "timing_breakdown": {
    "initialization": 0.6513278484344482,
    "ocr_processing": 19.64019513130188
  },
  "input_path": "dataset/IMG_1883-2_resized.png",
  "output_path": "dataset/output/run_20251016_151952_be4940c0",
  "language": "en"
}