{
  "run_id": "run_20251016_155915_1bb0940d",
  "total_pages": 1,
  "total_words": 305,
  "total_tables": 0,
  "total_equations": 0,
  "flagged_pages": 0,
  "average_page_confidence_mean": 0.9912761484875399,
  "average_page_confidence_min": 0.9757574200630188,
  "processing_time_seconds": 14.422559976577759,
  "confidence_histogram": {
    "0.9-1.0": 10,
    "0.8-0.9": 0,
    "0.0-0.8": 0
  },
  "timing_breakdown": {
    "initialization": 0.6459720134735107,
    "ocr_processing": 13.776587963104248
  },
  "input_path": "dataset/bio_test.png",
  "output_path": "dataset/output/run_20251016_155915_1bb0940d",
  "language": "en"
}