{
  "run_id": "run_20251016_165237_638f8aaf",
  "total_pages": 1,
  "total_words": 305,
  "total_tables": 0,
  "total_equations": 0,
  "flagged_pages": 0,
  "average_page_confidence_mean": 0.9912761484875399,
  "average_page_confidence_min": 0.9757574200630188,
  "processing_time_seconds": 14.450035333633423,
  "confidence_histogram": {
    "0.9-1.0": 10,
    "0.8-0.9": 0,
    "0.0-0.8": 0
  },
  "timing_breakdown": {
    "initialization": 0.6229040622711182,
    "ocr_processing": 13.827131271362305
  },
  "input_path": "dataset/bio_test.png",
  "output_path": "dataset/output/run_20251016_165237_638f8aaf",
  "language": "en"
}