{
  "run_id": "run_20251016_053616_ec091f89",
  "total_pages": 1,
  "total_words": 109,
  "total_tables": 0,
  "total_equations": 8,
  "flagged_pages": 0,
  "average_page_confidence_mean": 0.9764583678472609,
  "average_page_confidence_min": 0.9034968614578247,
  "processing_time_seconds": 9.237736701965332,
  "confidence_histogram": {
    "0.9-1.0": 9,
    "0.8-0.9": 4,
    "0.0-0.8": 0
  },
  "timing_breakdown": {
    "initialization": 0.725153923034668,
    "ocr_processing": 8.512582778930664
  },
  "input_path": "dataset/eq_physics.png",
  "output_path": "dataset/output/run_20251016_053616_ec091f89",
  "language": "en"
}