{
  "run_id": "run_20251029_204714_8f3e0695",
  "total_pages": 1,
  "total_words": 416,
  "total_tables": 1,
  "total_equations": 7,
  "flagged_pages": 0,
  "average_page_confidence_mean": 0.9742203392088413,
  "average_page_confidence_min": 0.7693497538566589,
  "processing_time_seconds": 238.59466004371643,
  "confidence_histogram": {
    "0.9-1.0": 31,
    "0.8-0.9": 0,
    "0.0-0.8": 1
  },
  "timing_breakdown": {
    "initialization": 0.4814620018005371,
    "ocr_processing": 123.69669127464294
  },
  "input_path": "dataset/physics_level3.png",
  "output_path": "dataset/output/run_20251029_204714_8f3e0695",
  "language": "en"
}