{
  "run_id": "run_20251016_052052_1feeb071",
  "total_pages": 1,
  "total_words": 109,
  "total_tables": 0,
  "total_equations": 9,
  "flagged_pages": 0,
  "average_page_confidence_mean": 0.9764583678472609,
  "average_page_confidence_min": 0.9034968614578247,
  "processing_time_seconds": 6.990386009216309,
  "confidence_histogram": {
    "0.9-1.0": 17,
    "0.8-0.9": 4,
    "0.0-0.8": 0
  },
  "timing_breakdown": {
    "initialization": 0.6156539916992188,
    "ocr_processing": 6.37473201751709
  },
  "input_path": "dataset/eq_physics.png",
  "output_path": "dataset/output/run_20251016_052052_1feeb071",
  "language": "en"
}