{
  "run_id": "run_20251027_201203_be7a61df",
  "total_pages": 1,
  "total_words": 416,
  "total_tables": 4,
  "total_equations": 0,
  "flagged_pages": 0,
  "average_page_confidence_mean": 0.9742203392088413,
  "average_page_confidence_min": 0.7693497538566589,
  "processing_time_seconds": 122.55116081237793,
  "confidence_histogram": {
    "0.9-1.0": 31,
    "0.8-0.9": 0,
    "0.0-0.8": 1
  },
  "timing_breakdown": {
    "initialization": 0.5838871002197266,
    "ocr_processing": 120.5551700592041
  },
  "input_path": "dataset/physics_level3.png",
  "output_path": "dataset/output/run_20251027_201203_be7a61df",
  "language": "en"
}