{
  "run_id": "run_20251027_200451_042d01d1",
  "total_pages": 1,
  "total_words": 109,
  "total_tables": 1,
  "total_equations": 3,
  "flagged_pages": 0,
  "average_page_confidence_mean": 0.9764970569383531,
  "average_page_confidence_min": 0.8666092157363892,
  "processing_time_seconds": 6.9672911167144775,
  "confidence_histogram": {
    "0.9-1.0": 20,
    "0.8-0.9": 1,
    "0.0-0.8": 0
  },
  "timing_breakdown": {
    "initialization": 0.6104099750518799,
    "ocr_processing": 4.541935920715332
  },
  "input_path": "dataset/eq_physics.png",
  "output_path": "dataset/output/run_20251027_200451_042d01d1",
  "language": "en"
}