{
  "run_id": "run_20251029_210441_02b5294a",
  "total_pages": 1,
  "total_words": 109,
  "total_tables": 1,
  "total_equations": 7,
  "flagged_pages": 0,
  "average_page_confidence_mean": 0.9764970569383531,
  "average_page_confidence_min": 0.8666092157363892,
  "processing_time_seconds": 8.760610103607178,
  "confidence_histogram": {
    "0.9-1.0": 20,
    "0.8-0.9": 1,
    "0.0-0.8": 0
  },
  "timing_breakdown": {
    "initialization": 0.4607400894165039,
    "ocr_processing": 4.176161050796509
  },
  "input_path": "dataset/eq_physics.png",
  "output_path": "dataset/output/run_20251029_210441_02b5294a",
  "language": "en"
}