{
  "run_id": "run_20251027_222138_ff5b5850",
  "total_pages": 1,
  "total_words": 416,
  "total_tables": 1,
  "total_equations": 0,
  "flagged_pages": 0,
  "average_page_confidence_mean": 0.9742203392088413,
  "average_page_confidence_min": 0.7693497538566589,
  "processing_time_seconds": 138.50379395484924,
  "confidence_histogram": {
    "0.9-1.0": 31,
    "0.8-0.9": 0,
    "0.0-0.8": 1
  },
  "timing_breakdown": {
    "initialization": 0.478496789932251,
    "ocr_processing": 136.54352927207947
  },
  "input_path": "dataset/physics_level3.png",
  "output_path": "dataset/output/run_20251027_222138_ff5b5850",
  "language": "en"
}