{
  "run_id": "run_20251029_205346_6a40ec7c",
  "total_pages": 1,
  "total_words": 109,
  "total_tables": 1,
  "total_equations": 8,
  "flagged_pages": 0,
  "average_page_confidence_mean": 0.9764970569383531,
  "average_page_confidence_min": 0.8666092157363892,
  "processing_time_seconds": 8.469367027282715,
  "confidence_histogram": {
    "0.9-1.0": 20,
    "0.8-0.9": 1,
    "0.0-0.8": 0
  },
  "timing_breakdown": {
    "initialization": 0.4664609432220459,
    "ocr_processing": 4.026583909988403
  },
  "input_path": "dataset/eq_physics.png",
  "output_path": "dataset/output/run_20251029_205346_6a40ec7c",
  "language": "en"
}