{
  "run_id": "run_20251027_191156_85b6413c",
  "total_pages": 1,
  "total_words": 109,
  "total_tables": 0,
  "total_equations": 0,
  "flagged_pages": 0,
  "average_page_confidence_mean": 0.9764583792005267,
  "average_page_confidence_min": 0.9034969210624695,
  "processing_time_seconds": 4.929942846298218,
  "confidence_histogram": {
    "0.9-1.0": 21,
    "0.8-0.9": 0,
    "0.0-0.8": 0
  },
  "timing_breakdown": {
    "initialization": 0.4676342010498047,
    "ocr_processing": 4.42490291595459
  },
  "input_path": "dataset/eq_physics.png",
  "output_path": "dataset/output/run_20251027_191156_85b6413c",
  "language": "en"
}