{
  "run_id": "run_20251016_054637_b7b75e2e",
  "total_pages": 1,
  "total_words": 109,
  "total_tables": 0,
  "total_equations": 4,
  "flagged_pages": 0,
  "average_page_confidence_mean": 0.9764583678472609,
  "average_page_confidence_min": 0.9327403008937836,
  "processing_time_seconds": 9.438095808029175,
  "confidence_histogram": {
    "0.9-1.0": 7,
    "0.8-0.9": 2,
    "0.0-0.8": 0
  },
  "timing_breakdown": {
    "initialization": 0.6446800231933594,
    "ocr_processing": 8.793415784835815
  },
  "input_path": "dataset/eq_physics.png",
  "output_path": "dataset/output/run_20251016_054637_b7b75e2e",
  "language": "en"
}