{
  "run_id": "run_20251027_191228_b4b81b78",
  "total_pages": 1,
  "total_words": 109,
  "total_tables": 1,
  "total_equations": 5,
  "flagged_pages": 0,
  "average_page_confidence_mean": 0.9764583792005267,
  "average_page_confidence_min": 0.9034969210624695,
  "processing_time_seconds": 6.797410011291504,
  "confidence_histogram": {
    "0.9-1.0": 21,
    "0.8-0.9": 0,
    "0.0-0.8": 0
  },
  "timing_breakdown": {
    "initialization": 0.47075796127319336,
    "ocr_processing": 4.006063938140869
  },
  "input_path": "dataset/eq_physics.png",
  "output_path": "dataset/output/run_20251027_191228_b4b81b78",
  "language": "en"
}