{
  "run_id": "run_20251017_194729_ca75f596",
  "total_pages": 1,
  "total_words": 109,
  "total_tables": 0,
  "total_equations": 4,
  "flagged_pages": 0,
  "average_page_confidence_mean": 0.9648645889191401,
  "average_page_confidence_min": 0.9307116866111755,
  "processing_time_seconds": 7.14318585395813,
  "confidence_histogram": {
    "0.9-1.0": 7,
    "0.8-0.9": 3,
    "0.0-0.8": 0
  },
  "timing_breakdown": {
    "initialization": 0.7212731838226318,
    "ocr_processing": 6.421912670135498
  },
  "input_path": "dataset/eq_physics.png",
  "output_path": "dataset/output/run_20251017_194729_ca75f596",
  "language": "en"
}