{
  "run_id": "run_20251016_153731_3d6d3d21",
  "total_pages": 1,
  "total_words": 109,
  "total_tables": 0,
  "total_equations": 4,
  "flagged_pages": 0,
  "average_page_confidence_mean": 0.9648645889191401,
  "average_page_confidence_min": 0.9307116866111755,
  "processing_time_seconds": 7.152177095413208,
  "confidence_histogram": {
    "0.9-1.0": 7,
    "0.8-0.9": 3,
    "0.0-0.8": 0
  },
  "timing_breakdown": {
    "initialization": 0.6104409694671631,
    "ocr_processing": 6.541736125946045
  },
  "input_path": "dataset/eq_physics.png",
  "output_path": "dataset/output/run_20251016_153731_3d6d3d21",
  "language": "en"
}